{
  "properties": {
    "connectionReferences": {
      "shared_commondataserviceforapps": {
        "runtimeSource": "embedded",
        "connection": {
          "connectionReferenceLogicalName": "new_sharedcommondataserviceforapps_58888"
        },
        "api": {
          "name": "shared_commondataserviceforapps"
        }
      }
    },
    "definition": {
      "$schema": "https://schema.management.azure.com/providers/Microsoft.Logic/schemas/2016-06-01/workflowdefinition.json#",
      "contentVersion": "1.0.0.0",
      "parameters": {
        "$connections": {
          "defaultValue": {},
          "type": "Object"
        },
        "$authentication": {
          "defaultValue": {},
          "type": "SecureObject"
        },
        "メタデータURL (ya_MetadataURL)": {
          "defaultValue": "https://data.e-gov.go.jp/data/api/action/package_show?id=cao_20190522_0002",
          "type": "String",
          "metadata": {
            "schemaName": "ya_MetadataURL",
            "description": "祝日.csvのメタデータを取得するためのURL"
          }
        },
        "開始年 (ya_StartYear)": {
          "defaultValue": 2024,
          "type": "Int",
          "metadata": {
            "schemaName": "ya_StartYear",
            "description": "祝日取得バッチにおける処理対象の開始年"
          }
        }
      },
      "triggers": {
        "Recurrence_毎月1日に起動": {
          "recurrence": {
            "frequency": "Month",
            "interval": 1,
            "startTime": "2025-07-31T15:00:00Z"
          },
          "metadata": {
            "operationMetadataId": "ef8b1a43-1276-4ec8-a1f4-298dd0963e14"
          },
          "type": "Recurrence"
        }
      },
      "actions": {
        "変数「メタデータURL」を初期化する": {
          "runAfter": {
            "デバッグ表示_CSV解析用文字": [
              "Succeeded"
            ]
          },
          "metadata": {
            "operationMetadataId": "d2ac8ba0-8f97-4900-b776-bfadba8271ef"
          },
          "type": "InitializeVariable",
          "inputs": {
            "variables": [
              {
                "name": "メタデータURL",
                "type": "string",
                "value": "@parameters('メタデータURL (ya_MetadataURL)')"
              }
            ]
          },
          "description": "https://data.e-gov.go.jp/data/api/action/package_show?id=cao_20190522_0002"
        },
        "HTTP_メタデータを取得する": {
          "runAfter": {
            "変数「開始年」を初期化する": [
              "Succeeded"
            ]
          },
          "metadata": {
            "operationMetadataId": "70aaab5e-07d6-4f07-943f-da80d1a902f5"
          },
          "type": "Http",
          "inputs": {
            "method": "GET",
            "uri": "@variables('メタデータURL')"
          }
        },
        "メタデータの解析_": {
          "runAfter": {
            "HTTP_メタデータを取得する": [
              "Succeeded"
            ]
          },
          "metadata": {
            "operationMetadataId": "baf6619e-e54e-4b1b-8c5d-a158d463601e"
          },
          "type": "ParseJson",
          "inputs": {
            "content": "@body('HTTP_メタデータを取得する')",
            "schema": {
              "type": "object",
              "properties": {
                "help": {
                  "type": "string"
                },
                "success": {
                  "type": "boolean"
                },
                "result": {
                  "type": "object",
                  "properties": {
                    "author": {
                      "type": "string"
                    },
                    "author_email": {},
                    "contactPoint": {
                      "type": "string"
                    },
                    "creator_user_id": {
                      "type": "string"
                    },
                    "frequency_of_update": {
                      "type": "string"
                    },
                    "id": {
                      "type": "string"
                    },
                    "isopen": {
                      "type": "boolean"
                    },
                    "landingPage": {
                      "type": "string"
                    },
                    "license_id": {},
                    "license_title": {},
                    "maintainer": {},
                    "maintainer_email": {},
                    "metadata_created": {
                      "type": "string"
                    },
                    "metadata_modified": {
                      "type": "string"
                    },
                    "name": {
                      "type": "string"
                    },
                    "notes": {
                      "type": "string"
                    },
                    "num_resources": {
                      "type": "integer"
                    },
                    "num_tags": {
                      "type": "integer"
                    },
                    "organization": {
                      "type": "object",
                      "properties": {
                        "id": {
                          "type": "string"
                        },
                        "name": {
                          "type": "string"
                        },
                        "title": {
                          "type": "string"
                        },
                        "type": {
                          "type": "string"
                        },
                        "description": {
                          "type": "string"
                        },
                        "image_url": {
                          "type": "string"
                        },
                        "created": {
                          "type": "string"
                        },
                        "is_organization": {
                          "type": "boolean"
                        },
                        "approval_status": {
                          "type": "string"
                        },
                        "state": {
                          "type": "string"
                        }
                      }
                    },
                    "owner_org": {
                      "type": "string"
                    },
                    "private": {
                      "type": "boolean"
                    },
                    "publisher": {
                      "type": "string"
                    },
                    "spatial": {
                      "type": "string"
                    },
                    "state": {
                      "type": "string"
                    },
                    "title": {
                      "type": "string"
                    },
                    "type": {
                      "type": "string"
                    },
                    "url": {},
                    "version": {},
                    "extras": {
                      "type": "array",
                      "items": {
                        "type": "object",
                        "properties": {
                          "key": {
                            "type": "string"
                          },
                          "value": {
                            "type": "string"
                          }
                        },
                        "required": [
                          "key",
                          "value"
                        ]
                      }
                    },
                    "groups": {
                      "type": "array",
                      "items": {
                        "type": "object",
                        "properties": {
                          "description": {
                            "type": "string"
                          },
                          "display_name": {
                            "type": "string"
                          },
                          "id": {
                            "type": "string"
                          },
                          "image_display_url": {
                            "type": "string"
                          },
                          "name": {
                            "type": "string"
                          },
                          "title": {
                            "type": "string"
                          }
                        },
                        "required": [
                          "description",
                          "display_name",
                          "id",
                          "image_display_url",
                          "name",
                          "title"
                        ]
                      }
                    },
                    "resources": {
                      "type": "array",
                      "items": {
                        "type": "object",
                        "properties": {
                          "cache_last_updated": {},
                          "cache_url": {},
                          "copyright": {
                            "type": "string"
                          },
                          "created": {
                            "type": "string"
                          },
                          "datastore_active": {
                            "type": "boolean"
                          },
                          "datastore_contains_all_records_of_source_file": {
                            "type": "boolean"
                          },
                          "description": {
                            "type": "string"
                          },
                          "format": {
                            "type": "string"
                          },
                          "hash": {
                            "type": "string"
                          },
                          "id": {
                            "type": "string"
                          },
                          "language": {
                            "type": "string"
                          },
                          "last_modified": {},
                          "last_modified_date": {
                            "type": "string"
                          },
                          "license_id": {
                            "type": "string"
                          },
                          "metadata_modified": {},
                          "mimetype": {},
                          "mimetype_inner": {},
                          "name": {
                            "type": "string"
                          },
                          "package_id": {
                            "type": "string"
                          },
                          "position": {
                            "type": "integer"
                          },
                          "resource_type": {},
                          "size": {
                            "type": "integer"
                          },
                          "state": {
                            "type": "string"
                          },
                          "url": {
                            "type": "string"
                          },
                          "url_type": {}
                        },
                        "required": [
                          "cache_last_updated",
                          "cache_url",
                          "copyright",
                          "created",
                          "datastore_active",
                          "datastore_contains_all_records_of_source_file",
                          "description",
                          "format",
                          "hash",
                          "id",
                          "language",
                          "last_modified",
                          "last_modified_date",
                          "license_id",
                          "metadata_modified",
                          "mimetype",
                          "mimetype_inner",
                          "name",
                          "package_id",
                          "position",
                          "resource_type",
                          "size",
                          "state",
                          "url",
                          "url_type"
                        ]
                      }
                    },
                    "tags": {
                      "type": "array"
                    },
                    "relationships_as_subject": {
                      "type": "array"
                    },
                    "relationships_as_object": {
                      "type": "array"
                    }
                  }
                }
              }
            }
          }
        },
        "変数「エンドポイントURL」を初期化する": {
          "runAfter": {
            "メタデータの解析_": [
              "Succeeded"
            ]
          },
          "metadata": {
            "operationMetadataId": "fabaa223-aa3f-4fa8-ab18-d69b0a4e24a6"
          },
          "type": "InitializeVariable",
          "inputs": {
            "variables": [
              {
                "name": "エンドポイントURL",
                "type": "string",
                "value": "@{first(body('メタデータの解析_')?['result']?['resources'])?['url']}"
              }
            ]
          },
          "description": "first(body('メタデータの解析_')?['result']?['resources'])?['url']"
        },
        "HTTP": {
          "runAfter": {
            "変数「エンドポイントURL」を初期化する": [
              "Succeeded"
            ]
          },
          "metadata": {
            "operationMetadataId": "83e74d1e-6e26-43a3-9d5d-6b0b98d26c41"
          },
          "type": "Http",
          "inputs": {
            "method": "GET",
            "uri": "@variables('エンドポイントURL')"
          }
        },
        "変数「Rows」を初期化する": {
          "runAfter": {
            "HTTP": [
              "Succeeded"
            ]
          },
          "metadata": {
            "operationMetadataId": "90e8807e-02b3-427a-b71d-0cb5eef75256"
          },
          "type": "InitializeVariable",
          "inputs": {
            "variables": [
              {
                "name": "Rows",
                "type": "array",
                "value": "@split(body('HTTP'), variables('改行文字'))"
              }
            ]
          },
          "description": "split(body('HTTP'), variables('改行文字'))"
        },
        "変数「改行文字」を初期化する": {
          "runAfter": {},
          "metadata": {
            "operationMetadataId": "9675d774-1549-4532-96b0-4686db314265"
          },
          "type": "InitializeVariable",
          "inputs": {
            "variables": [
              {
                "name": "改行文字",
                "type": "string",
                "value": "@{decodeUriComponent('%0D%0A')}"
              }
            ]
          },
          "description": "decodeUriComponent('%0D%0A')"
        },
        "変数「区切り文字」を初期化する": {
          "runAfter": {
            "変数「改行文字」を初期化する": [
              "Succeeded"
            ]
          },
          "metadata": {
            "operationMetadataId": "ed8b6734-5f48-46de-b216-e1cacd4dfa4e"
          },
          "type": "InitializeVariable",
          "inputs": {
            "variables": [
              {
                "name": "区切り文字",
                "type": "string",
                "value": ","
              }
            ]
          }
        },
        "アレイのフィルター処理_ヘッダー行と古い行を除去": {
          "runAfter": {
            "アレイのフィルター処理_空行除去": [
              "Succeeded"
            ]
          },
          "metadata": {
            "operationMetadataId": "e0f7be62-d0ac-446c-9135-6a42b0bffa38"
          },
          "type": "Query",
          "inputs": {
            "from": "@skip(body('アレイのフィルター処理_空行除去'),1)",
            "where": "@greaterOrEquals(int(first(split(item(), '/'))), variables('開始年'))"
          },
          "description": "skip(body('アレイのフィルター処理_空行除去'),1)"
        },
        "変数「開始年」を初期化する": {
          "runAfter": {
            "変数「メタデータURL」を初期化する": [
              "Succeeded"
            ]
          },
          "metadata": {
            "operationMetadataId": "2e128a7f-1b73-48e0-8562-4fbcad9ac5cd"
          },
          "type": "InitializeVariable",
          "inputs": {
            "variables": [
              {
                "name": "開始年",
                "type": "integer",
                "value": "@parameters('開始年 (ya_StartYear)')"
              }
            ]
          }
        },
        "デバッグ表示_CSV解析用文字": {
          "runAfter": {
            "変数「区切り文字」を初期化する": [
              "Succeeded"
            ]
          },
          "metadata": {
            "operationMetadataId": "7da95584-96a1-4230-a47c-11e7ffd18d84"
          },
          "type": "Compose",
          "inputs": "改行文字　：@{variables('改行文字')}\n区切り文字：@{variables('区切り文字')}"
        },
        "アレイのフィルター処理_空行除去": {
          "runAfter": {
            "デバッグ表示_CSVヘッダー行": [
              "Succeeded"
            ]
          },
          "metadata": {
            "operationMetadataId": "15bba399-3102-4be9-bdbc-cc0b90a4c3e0"
          },
          "type": "Query",
          "inputs": {
            "from": "@variables('Rows')",
            "where": "@not(equals(item(), ''))"
          }
        },
        "デバッグ表示_CSVヘッダー行": {
          "runAfter": {
            "変数「Rows」を初期化する": [
              "Succeeded"
            ]
          },
          "metadata": {
            "operationMetadataId": "2850ee9c-709e-43fa-9904-bcabb21aef28"
          },
          "type": "Compose",
          "inputs": "@first(variables('Rows'))",
          "description": "first(variables('Rows'))"
        },
        "Apply_to_each": {
          "foreach": "@body('アレイのフィルター処理_ヘッダー行と古い行を除去')",
          "actions": {
            "日付文字列を取得": {
              "runAfter": {},
              "metadata": {
                "operationMetadataId": "da9859cb-95ab-4815-b324-37d6247e1310"
              },
              "type": "Compose",
              "inputs": "@first(split(item(),variables('区切り文字')))",
              "description": "first(split(item(),variables('区切り文字')))"
            },
            "既存レコードを取得": {
              "runAfter": {
                "日付文字列を取得": [
                  "Succeeded"
                ]
              },
              "metadata": {
                "operationMetadataId": "19f62da7-43cf-4442-be65-4315a4f8dbd6"
              },
              "type": "OpenApiConnection",
              "inputs": {
                "host": {
                  "connectionName": "shared_commondataserviceforapps",
                  "operationId": "ListRecords",
                  "apiId": "/providers/Microsoft.PowerApps/apis/shared_commondataserviceforapps"
                },
                "parameters": {
                  "entityName": "ya_holidaymasters",
                  "$filter": "ya_name eq '@{outputs('日付文字列を取得')}'",
                  "$top": 1
                },
                "authentication": "@parameters('$authentication')"
              }
            },
            "既存レコードがある": {
              "actions": {},
              "runAfter": {
                "既存レコードを取得": [
                  "Succeeded"
                ]
              },
              "else": {
                "actions": {
                  "レコードを追加する": {
                    "runAfter": {},
                    "metadata": {
                      "operationMetadataId": "cdf7f008-ae8d-4944-8fa0-98a184991f5d"
                    },
                    "type": "OpenApiConnection",
                    "inputs": {
                      "host": {
                        "connectionName": "shared_commondataserviceforapps",
                        "operationId": "CreateRecord",
                        "apiId": "/providers/Microsoft.PowerApps/apis/shared_commondataserviceforapps"
                      },
                      "parameters": {
                        "entityName": "ya_holidaymasters",
                        "item/ya_date": "@parseDateTime(outputs('日付文字列を取得'),'ja-jp', 'yyyy/M/d')",
                        "item/ya_name": "@outputs('日付文字列を取得')"
                      },
                      "authentication": "@parameters('$authentication')"
                    },
                    "description": "parseDateTime(outputs('日付文字列を取得'),'ja-jp', 'yyyy/M/d')"
                  }
                }
              },
              "expression": {
                "greater": [
                  "@length(outputs('既存レコードを取得')?['body/value'])",
                  0
                ]
              },
              "metadata": {
                "operationMetadataId": "5a36987b-bd68-4b19-b415-8647c92f1abe"
              },
              "type": "If",
              "description": "length(outputs('既存レコードを取得')?['body/value'])"
            }
          },
          "runAfter": {
            "アレイのフィルター処理_ヘッダー行と古い行を除去": [
              "Succeeded"
            ]
          },
          "metadata": {
            "operationMetadataId": "1e16e35b-58c8-43b2-97e6-364e442ac19e"
          },
          "type": "Foreach"
        }
      }
    },
    "templateName": ""
  },
  "schemaVersion": "1.0.0.0"
}