<environmentvariabledefinition schemaname="ya_StartYear">
  <defaultvalue>2000</defaultvalue>
  <description default="祝日取得バッチにおける処理対象の開始年">
    <label description="祝日取得バッチにおける処理対象の開始年" languagecode="1041" />
  </description>
  <displayname default="開始年">
    <label description="開始年" languagecode="1041" />
  </displayname>
  <introducedversion>1.0.0.0</introducedversion>
  <iscustomizable>1</iscustomizable>
  <isrequired>0</isrequired>
  <secretstore>0</secretstore>
  <type>100000001</type>
</environmentvariabledefinition>