<environmentvariabledefinition schemaname="ya_MetadataURL">
  <defaultvalue>https://data.e-gov.go.jp/data/api/action/package_show?id=cao_20190522_0002</defaultvalue>
  <description default="祝日.csvのメタデータを取得するためのURL">
    <label description="祝日.csvのメタデータを取得するためのURL" languagecode="1041" />
  </description>
  <displayname default="メタデータURL">
    <label description="メタデータURL" languagecode="1041" />
  </displayname>
  <introducedversion>1.0.0.0</introducedversion>
  <iscustomizable>1</iscustomizable>
  <isrequired>0</isrequired>
  <secretstore>0</secretstore>
  <type>100000000</type>
</environmentvariabledefinition>